goodsname,goodsprice
길림)군옥수수맛아몬드40G,2000
길림)마늘빵아몬드40G,2000
길림)와사비맛아몬드40G,2000
길림)인절미아몬드40G,2000
길림)청양마요아몬드40G,2000
길림)카라멜솔티드아몬드40G,2000
길림)쿠키앤크림아몬드40G,2000
길림)허니버터아몬드40G,2000
길림)흑임자아몬드40G,2000
건포도30G,1000
바나나칩20G,1000
볶음땅콩35G,1000
브라질넛25G,1000
아워티)레몬얼그레이티500(신),2000
아워티)오렌지자몽블랙티500(신),2000
뷰센)뉴28치아미백제,11000
모구모구)딸기320ML,1500
모구모구)리치320ML,1500
모구모구)복숭아320ML,1500
모구모구)요구르트320ML,1500
썬스위트)군옥수수,2500
세부건망고(40G),2500
돌)람부탄198G,2500
돌)배컵198G,2500
돌)파인애플컵198G,2500
아카시아스틱꿀15G,1000
야생화스틱꿀15G,1000
롯데)크런키카쿠볼1500,1500
당근고구마말랭이60G(봉),3300
삭힌홍어회(많이삭힌맛)(냉장),6900
삭힌홍어회(보통삭힌맛)(냉장),6900
물메기채45G(냉장),3800
복어꼬리포30G(냉장),3800
아귀채45G(냉장),3800
도톰한오징어25G,3500
맛진미채90G(냉장),5900
대구노가리30G,3500
CJ)맥스봉불닭구이맛핫바90G,2000
CJ)맥스봉청양고추후랑크80G,2000
CJ)직화구이꼬치바(청양)90G,2000
CJ)직화구이꼬치바90G,2000
롯데)에센뽀득프랑크70G,1800
롯데)의성마늘후랑크70G,1800
하림)카카오무지핫도그130G,2500
유어스)아카페라라떼380ML,2500
유어스)아카페라바닐라380ML,2500
유어스)아카페라카라멜380ML,2500
농심)미니짜파링65G,1500
심플리쿡)반반연탄불고기,6900
심플리쿡)연탄불닭목살구이,7900
심플리쿡)쭈꾸미삼겹살190G,7900
심플리쿡)해물누룽지탕200G,6900
심플리쿡)로스트치킨192G,5900
심플리쿡)통목살스테이크180G,5900
오뚜기)게이머즈힐러고기짬뽕(용,2800
롯데)미니화이트모카크림샌드,2000
롯데)미니딸기샌드(5입),1800
롯데)미니땅콩샌드(5입),1800
롯데)미니연유샌드(5입),1800
삼양)사또밥1300,1300
레드불)에너지드링크250ML,2200
레드불)화이트에디션250ML,2200
롯데)누드빼빼로1500,1500
롯데)아몬드빼빼로1500,1500
롯데)초코빼빼로1500,1500
롯데)크런키빼빼로1500,1500
담양올밀크)또요150G,1800
롯데)죠스바젤리1200,1200
나이프라몽)전갱이포3500,3500
해태)강원평창수2.0L,1500
해태)평창수프리미엄500ML,950
해태)아침에사과한개500ML,1700
파워에이드)메가볼츠600ML,2000
파워에이드)퍼플스톰600ML,2000
조지아)고티카빈티지라떼270ML,2200
조지아)고티카빈티지블랙270ML,2200
조지아)고티카스위트아메270ML,2200
코카)환타오렌지슬림캔250ML,1200
코카)환타파인애플슬림캔250ML,1200
코카콜라제로250ML,1500
광동)헛개파워100ML,4500
웰그린)더치아메리카노원컵,1300
웰그린)헤이즐넛향액상원컵,1200
스위트)맥비티투고다크초코33.3G,1000
유어스)페퍼민트물티슈60매,4900
유어스)보솜이물티슈20매,2000
유어스)동물농장황태슬라이스,3300
동원)뉴트리플랜흰살참치와멸치,1500
동원)뉴트리플랜흰살참치와치즈,1500
동원)애묘캔-흰살참치와닭가슴살,1500
동원)애묘파우치(참치와연어)80G,1500
유어스)동물농장애묘습식(멸치),1500
유어스)동물농장애묘습식(참치),1500
지니펫)애견간식(연어)80G,4500
지니펫)애견간식(소고기)80G,4500
ZK)여성스니커즈2매(믹스),5900
ZK)남성스니커즈2매(믹스),5900
동물농장)닭가슴살소프트45G,3700
동물농장)닭가슴살하드35G,3900
동물농장)군고구마스낵40G,3900
동물농장)돼지귀슬라이스35G,4500
동물농장)치킨말이치즈50G,4900
동물농장)한우콜라겐껌35G,3900
그르르)닭가슴살22G(게살맛),1000
그르르)닭가슴살22G(오리지날),1000
캣차우1.5KG(고양이용),13900
알포1.5KG(성견용),11900
네츄럴코어)미트스틱(고양이),1000
네츄럴코어)미트스틱(강아지),1000
시니어소프트)관절영양롤100G,3900
아쿠아고양이캔참치&게살85G,1600
아쿠아고양이캔참치연어85G,1600
아쿠아고양이캔참치치킨85G,1600
퍼피아이)사사미스낵100G,3900
퍼피아이)치즈닭갈비100G,4000
퍼피아이)치킨꽈배기껌100G,4300
한성)크래미90G,2200
유어스)207소세지120G,2000
하림)간장닭강정250G,6000
하림)매콤닭강정250G,6000
해태)고향만두415G,4500
해태)고향만두김치450G,4800
풀무원)누들떡볶이180G,3000
풀무원)얇은피고기만두160G,3000
풀무원)얇은피김치만두160G,3000
크리넥스)비말에어마스크1입,1100
려)함빛극손상케어샴푸400ML,12500
메디안)잇몸과학치약스트롱민트,4500
댄트롤)딥클린박하솔트샴푸180ML,6000
일리윤)세라마이드아토로션350ML,19900
리큐)진한겔액체세제1L(겸용),8900
애경)NEW스파크1KG,4200
애경)울샴푸1L용기,6900
쏘피)내몸에순한면라이너28P,4400
쏘피)볼록맞춤중형4P,1550
마즈)트윅스탑4500,3500
마즈)이클립스소프트레몬1500,1500
마즈)이클립스소프트페퍼1500,1500
마즈)이클립스스트로베리2500,2500
마즈)이클립스스피어민트2500,2500
마즈)이클립스페퍼민트2500,2500
마즈)이클립스피치2500,2500
마즈)스니커즈크리스퍼1200,1200
마즈)스니커즈헤이즐넛1900,1900
선우)쥬라기공룡알초콜릿1800,1800
선우)쥬라기공룡화석초콜릿1800,1800
유어스)소고기미역국500G,3900
유어스)시원한황태해장국500G,3900
유어스)얼큰한육개장500G,3900
태경)매운양념소대창180G,6900
태경)불삼겹&소시지볶음200G,6900
태경)소금구이맛소대창180G,6900
태경)숯불돼지바비큐200G,6900
동아)오로나민C120ML,1200
현대)미에로화이바350ML,1800
카카오프렌즈)망고스무디190ML,2000
카카오프렌즈)복숭아스무디190ML,2000
카카오프렌즈)애플스무디190ML,2000
진로)토닉워터300ML,1400
하이트)블랙보리340ML,1200
하이트)블랙보리520ML,1600
하이트)블랙보리라이트520ML,1500
팜트리)궁중발효홍삼100ML,2200
GS)샤인머스캣향스파클링350ML,1200
브이톡)블루레몬에이드(누드캔),1000
브이톡)핑크복숭아에이드350ML,1000
한독)레디큐120ML,5000
GS)목에좋은도담차500ML,1600
유어스)진심가득수박330ML,1800
유어스)하늘가득사과330ML,1800
유어스)하늘가득유자레몬330ML,1800
유어스)하늘가득자몽330ML,1800
광동)힘찬하루헛개차1L,2000
광동)우엉차500ML,1600
광동)솔표위청수골드75ML,1000
광동)비타500캔240ML,1200
광동)비타500로열폴리스120ML,1500
광동)돼지감자차500ML,1600
일화)맥콜PET1.25L,2500
일화)맥콜500ML,1800
동원)보성말차라떼500ML,2500
동원)보성홍차밀크티500ML,2500
동원)양반배식혜500ML,1800
유어스(P)지리산하동녹차500ML,2000
동아)모닝케어D100ML,5000
동아)모닝케어H100ML,5000
동아)모닝케어S100ML,5000
남양)십칠차340ML,1200
남양)십칠차500ML,1500
남양)초코에몽캔200ML,1000
남양)FC킬링샷라떼500ML,2500
남양)FC킬링샷아메리카노500ML,2500
HK)헛개수1L,2500
HK)새싹차보리500ML,2000
HK)헛개수500ML,2000
HK)헛개수340ML,1500
HK)컨디션CEO150ML,10000
HK)컨디션100ML,5000
HK)컨디션레이디100ML,5000
정식품)고칼슘베지밀A팩190ML,1100
정식품)고칼슘베지밀B팩190ML,1100
정식품)베지밀검은콩팩190ML,1100
정식품)아몬드호두두유병190ML,1500
정식품)국산검은콩두유병190ML,1600
정식품)베지밀A병190ML,1400
동서)콜롬비아나마스터라떼500ML,2500
동서)콜롬비아나마스터블랙500ML,2500
동서)콜롬비아나마스터스윗500ML,2500
맥심)TOP더블랙380ML,2900
맥심)TOP마스터라떼380ML,2900
맥심)TOP스위트아메리카노380ML,2900
맥심)TOP더블랙275ML,2200
맥심)TOP마스터라떼275ML,2200
맥심)TOP스위트아메리카노275ML,2200
유어스)샤인머스캣500ML,1900
웅진)아침햇살340ML,1500
웅진)자연은토마토340ML,1500
웅진)광명찾은결명자차500ML,1500
웅진)누룽지차500ML,1500
유어스)웅진팥차500ML,1500
가야)알로에농장500ML,1900
롯데)숙취해소깨수깡160ML,5000
롯데)핫식스250ML,1500
롯데)핫식스팬시캔디250ML,1500
롯데)2%아쿠아240ML,1200
롯데)트레비라임500ML,1800
롯데)트레비레몬500ML,1800
롯데)트레비자몽500ML,1800
에비앙생수500ML,1900
롯데)아이시스8.0(500ML),950
롯데)아이시스에코2L-PLU판매,1600
롯데)아이시스에코500ML-PLU판매,900
칸타타)콘트라베이스라떼PET500,2500
칸타타)콘트라베이스블랙PET500,2500
칸타타)콘트라베이스스윗PET500,2500
칸타타)땅콩크림라떼275ML,2200
칸타타)아메리카노275ML(NB캔),2200
칸타타)콜드브루블랙275ML(NB캔),2200
칸타타)프리미엄라떼275ML(NB캔),2200
롯데)핑크퐁오렌지망고235ML,1200
롯데)핑크퐁포도사과235ML,1200
롯데)칠성스트롱사이다400ML,1700
롯데)펩시스트롱400ML,1700
롯데)칠성사이다복숭아500ML,2100
롯데)칠성사이다청귤500ML,2100
롯데)칠성사이다캔330ML,1700
바이오티)프리바이오틱스피치,1500
바이오)캐모마일프레쉬500ML,2000
바이오)피치얼그레이500ML,2000
동화약품)부채표미인활액75ML,1000
OKF)골드유자500ML,2000
OKF)레몬진저500ML,2000
OKF)알로에베라킹500ML,2000
정관장)아이키커사과100ML,1200
정관장)아이키커오렌지100ML,1200
트로피카나)스파클링망고355ML,1200
트로피카나)스파클링복숭아355ML,1200
트로피카나)스파클링오렌지355ML,1200
샘표)밥도둑고추장멸치50G,3800
샘표)밥도둑돼지고기130G,3800
해표)김이봉10G,1000
삼양)불닭마요소스250G,5000
대상)홍초석류900ML,9800
안주야)간장도가니스지150G,6400
안주야)매콤껍데기150G,6400
안주야)통마늘모듬곱창150G,6400
동원)양반김(들기름김)5G,600
동원)양반전통김17G,1500
동원)양반도가니설렁탕460G,6500
동원)양반왕갈비탕460G,6500
동원)양반우거지감자탕460G,6500
동원)양반차돌된장찌개460G,6500
동원)양반참치부대찌개460G,6500
동원)양반백합미역국460G,4500
동원)양반쇠고기큰죽404G,4500
동원)양반야채큰죽404G,4500
동원)양반전복큰죽404G,4500
동원)양반차돌육개장460G,4500
동원)양반단호박죽285G,3900
동원)양반명품김자반50G,3900
동원)양반밤단팥죽285G,3900
동원)양반쇠고기죽285G,3900
동원)양반야채죽285G,3900
동원)양반영양닭죽285G,3900
동원)양반참치죽285G,3900
유어스)양반전복죽285G,3900
유어스)보양죽285G[D2],2900
오뚜기)쇠고기미역국밥(컵밥),3900
오뚜기)김치참치덮밥(컵밥),4500
오뚜기)된장짜글이밥310G(컵밥),4500
오뚜기)매콤낙지덮밥(컵밥),4500
오뚜기)소시지카레덮밥(컵밥),4500
오뚜기)수원식갈비탕밥311G(컵밥,4500
오뚜기)제육덮밥(컵밥),4500
오뚜기)차돌강된장보리밥(컵밥),4500
오뚜기)참치마요덮밥(컵밥),4500
오뚜기)톡톡김치알밥(컵밥),4500
유어스(P)황제컵밥(컵밥),4500
유어스)템플산채비빔밥259G,4500
오뚜기)작은밥150G,1550
오뚜기)오뚜기큰밥300G,2600
쉐푸드)볼로네이즈스파게티,4300
쉐푸드)까르보나라스파게티,4300
팔도)틈새떡볶이166G,3200
팔도)틈새치즈떡볶이170G,3200
반찬단지)간장고추120G,3500
반찬단지)마늘쫑무침120G,3500
반찬단지)명이나물120G,3500
반찬단지)간장알마늘120G,2500
반찬단지)깻잎무침120G,2500
반찬단지)무말랭이무침120G,2500
하림)매콤닭볶음탕260G,6900
랩노쉬)그레인맛85G,3900
랩노쉬)초콜릿맛90G,3900
정화)롱피쉬스낵60G,3500
정화)일품오징어70G,6300
코주부)무안양파육포40G,3400
코주부)의성마늘육포40G,3800
스위스미스)머쉬멜로핫초코컵,1500
머거본)초코츄러스아몬드25G,1200
머거본)후렌치후라이드아몬드40G,2000
머거본)군옥수수맛아몬드30G,1400
머거본)와사비맛아몬드30G,1400
머거본)허니버터아몬드30G,1400
삼립)고소한치즈샌드육포30G,3500
샘표)질러마라육포30G,4300
샘표)질러빠다갈릭쓰30G,4200
샘표)질러직화육포45G,5800
샘표)질러부드러운우육포30G,4000
오뚜기)아임스틱딸기쨈(10입),5000
동원)상상버터오징어60G,5500
동원)상상육포40G(비프앤치즈),5500
동원)상상육포40G(스테이크),5500
동원)상상육포40G(안심),5500
네슬레)핫쵸코오리지날원컵,1100
네스카페)수프리모믹스20입[D2],4900
네스카페)크레마5T,1700
네스카페)신선한모카원컵,1000
수프리모)스위트아메리카노원컵,1000
대상)군고구마츄60G,3500
코주부)해남고구마육포40G,3800
롯데)퀘이커오트밀(그레인),2000
롯데)퀘이커오트밀(그린티),2000
롯데)퀘이커오트밀(서리태),2000
롯데)퀘이커오트밀(우리쌀),2000
롯데)퀘이커오트밀(찰옥수수),2000
동원)양반돼지고기장조림270G,3900
동원)양반메추리알장조림270G,3900
동원)리챔340G,6800
동원)리챔200G,5500
동원)매운리챔200G,5500
동원)트러플리챔200G,5500
동원)라이트스탠다드아트캔135G,3300
동원)리챔120G,3500
동원)참치크래커(고소한맛),3600
동원)참치크래커(매콤한맛),3600
신화)한입꾸이꾸이30G,2000
신화)대왕오징어다리50G,5900
진주)천하장사육포갈릭45G,4800
CJ)맛밤80G,3500
CJ)스팸340G,7500
CJ)스팸200G,5500
CJ)스팸25%라이트200G,5500
CJ)스팸120G,3500
유동)번데기가미130G,2200
유동)왕꼬막230G,5900
아라움)뿌링클크리스피치킨30G,3000
아라움)크리스피치킨30G,3000
티젠)에너지티10입,7500
티젠)자몽쏙10입,7500
티젠)콤부차10입[D2],7500
동원)고추참치100G,2700
오레오)웨하스스틱초코2500,2500
오레오초코크림1500,1500
오레오화이트크림1500,1500
흥선)버터쿠키1200,1200
오리온)도도한나쵸(사워&어니언),1500
오리온)오징어땅콩1500,1500
오리온)왕고래밥볶음1200,1200
오리온)하양송이50G,1000
오리온)찰초코파이앙크림336G,5000
해태)에이스1500,1500
해태)에이스뉴욕치즈케이크121G,1500
해태)구운감자900,900
해태)구운고구마900,900
해태)맛동산2000,2000
해태)맛동산블랙90G,2000
해태)구운양파1500,1500
해태)두꺼비감자칩60G,1500
해태)무지방우유홈런볼1500,1500
해태)초코홈런볼1500,1500
해태)허니버터칩프로마쥬블랑60G,1500
허쉬)민트크림샌드위치쿠키100G,2000
허쉬)초코크림샌드위치쿠키,2000
미성)허쉬초콜릿칩모찌쿠키240G,5500
청우)참깨스틱2000,2000
청우)광삭감자스낵72G,1200
청우)광삭카라멜꽈배기72G,1200
로아카)다크초콜릿웨하스3800,3800
로아카)바닐라웨하스3800,3800
구어메이)허니치즈스낵1500,1500
에낙라면과자500,500
오뚜기)뿌셔뿌셔(바베큐맛),900
오뚜기)뿌셔뿌셔(양념치킨맛),900
오뚜기)뿌셔뿌셔불고기맛,900
크라운)버터와플3000,3000
크라운)초코하임3300,3300
크라운)화이트하임3300,3300
크라운)못말리는신짱1500,1500
크라운)뽀또치즈1500,1500
크라운)신짱씨앗호떡120G,1500
크라운)카라멜콘메이플1500,1500
크라운)국희땅콩샌드1200,1200
크라운)빅카초58G,1200
크라운)우리밀참크래커56G,1200
크라운)참크래커1200,1200
크라운)카라멜&땅콩1200,1200
크라운)콘칩골드56G,1200
크라운)산도(딸기)2500,2500
크라운)산도(크림)161G,2500
매크로)더치오리지널카라멜와플,1500
매크로)더치초코딥카라멜와플,1500
폴트)딸기타르트2500,2500
폴트)초콜릿헤이즐넛타르트2500,2500
글로브)비폰라면스낵(바베큐맛),700
글로브)비폰라면스낵(치즈맛),700
메가박스)잔망루피바나나맛팝콘,1500
네스퀵)초코웨하스1200,1200
대상)마이밀뉴프로틴바21G,1500
대상)맛소금팝콘55G,1500
명도)말년튀김건빵1000,1000
프링글스매콤한맛(대),3500
프링글스버팔로윙(대)110G,3500
프링글스양파맛(대),3500
프링글스오리지날(대),3500
프링글스치즈맛(대),3500
보노미)페스튜리2000,2000
에이스)고추가득어묵칩50G,1500
에이스)야채가득어묵칩50G,1500
엠탑)추억의러스크갈릭맛55G,1500
스위트)맥비티베이크미니체다50G,1500
롯데)ABC초코쿠키(쿠앤크)43G,1000
롯데)ABC초코쿠키1000,1000
롯데)오잉1500,1500
롯데)오잉불짬뽕맛70G,1500
롯데)치토스(매콤달콤)1500,1500
롯데)치토스스모키바베큐1500,1500
롯데)치토스초코츄러스73G,1500
롯데)치토스후라이드양념치킨맛,1500
롯데)에어베이크드어니언70G,2000
롯데)에어베이크드케틀콘칩70G,2000
롯데)에어베이크드포테이토70G,2000
롯데)꼬깔콘(매콤달콤)1500,1500
롯데)꼬깔콘고소한맛1500,1500
롯데)꼬깔콘군옥수수1500,1500
롯데)꼬깔콘스테이크화이타맛72G,1500
롯데)꼬깔콘치먹스파이시맛72G,1500
롯데)천하장사초단백질바1200,1200
롯데)천하장사초에너지바1200,1200
롯데)몽쉘(딸기맛)3000,3000
롯데)몽쉘카카오3000,3000
롯데)몽쉘크림3000,3000
롯데)카스타드3000,3000
롯데)마가렛트4400,4400
롯데)빠다코코낫1500,1500
롯데)샌드오리지널1500,1500
롯데)칙촉(티라미수)2400,2400
롯데)칙촉2400,2400
롯데)가나랑드샤쿠키91G,3000
크라운)새콤달콤(딸기)500,500
크라운)새콤달콤(레모네이드)500,500
크라운)새콤달콤(포도)500,500
크라운)키커바1000,1000
크라운)키커헤이즐넛1000,1000
오리온)닥터유단백질볼1500,1500
오리온)몽키나나1200,1200
오리온)와우소다껌500,500
오리온)와우톡톡콜라껌500,500
오리온)와우포도껌500,500
몬델리즈)호올스XS레몬민트,1500
몬델리즈)호올스XS멘토립투스,1500
몬델리즈)호올스XS후르츠믹스,1500
타블론밀크초콜릿35G,1500
흥선)캐드베리트월1500,1500
흥선)캐드베리크런치1500,1500
HAO)밀크츄딸기맛1500,1500
HAO)밀크츄옥수수맛1500,1500
흥선)아이스붐딸기맛1500,1500
흥선)아이스붐레몬맛1500,1500
흥선)아이스붐복숭아맛1500,1500
흥선)아이스붐자몽맛1500,1500
미성)복숭아젤리1000,1000
미성)사과젤리1000,1000
여리수)프레첼팬더초콜릿1200,1200
삼경)흔한남매냐하젤리1500,1500
삼경)흔한남매따룽해젤리1500,1500
오뚜기)오뚜기젤리1800,1800
해태)젠느지파시(초콜라또)2000,2000
해태)젠느지파시(헤이즐넛)2000,2000
해태)연양갱900,900
씨믹스)피자콜라구미세트3900,3900
청우)대관령우유캔디1600,1600
SM)짜장면젤리2500,2500
SM)뿅망치팡팡(안녕자두야)2500,2500
유어스(P)야쿠르트젤리1500,1500
일신)바주카레틀러즈1000,1000
네슬레)킷캣팝스1500,1500
스위트)트롤리지구젤리1000,1000
스위트)트롤리축구공젤리1000,1000
롯데)몽쉘젤리1200,1200
허쉬)너겟스트로베리1500,1500
허쉬)너겟요거트1500,1500
허쉬)너겟장미향1500,1500
롯데)키세스밀크2000,2000
롯데)키세스아몬드2000,2000
롯데)키세스쿠키앤크림2000,2000
롯데)가나밀크티3000,3000
롯데)가나티라미수3000,3000
롯데)가나초콜릿마일드1000,1000
롯데)크런키초콜릿1000,1000
롯데)가나다크밀크2000,2000
롯데)가나마일드2000,2000
롯데)가나밀크2000,2000
롯데)가나초코바땅콩1000,1000
롯데)가나초코바아몬드1000,1000
롯데)구미당기는구미1000,1000
롯데)구미당기는구미3가지맛1000,1000
롯데)구미당기는구미딸기1000,1000
롯데)핵짱셔요콜라1000,1000
롯데)핵짱셔요후르츠1000,1000
롯데)목캔디1000,1000
롯데)목캔디믹스베리1000,1000
롯데)목캔디생강원1000,1000
롯데)왓따가나500,500
롯데)왓따복숭아500,500
롯데)왓따콜라500,500
롯데)후라보노1000,1000
롯데)후라보노마일드1000,1000
롯데)후라보노아이스1000,1000
위스트)알리바이다크맥스1000,1000
스위트)트롤리상어모양젤리2000,2000
스위트)트롤리젖소모양젤리2000,2000
동서)오곡코코볼300G,5000
아이배냇)핑거요거트(딸기),4500
아이배냇)핑거요거트(플레인),4500
오리온)오!그래놀라바검은콩1200,1200
오리온)오!그래놀라바단호박1200,1200
오리온)오!그래놀라바무화과1200,1200
오리온)오!그래놀라바카카오1200,1200
씨알로)콘시리얼바1000,1000
씨알로)콘요구르트바1000,1000
삼양)삼양라면골드(용기),1350
돌)올라이트바건과일40G,1200
돌)올라이트바크랜베리40G,1200
돌)올라이트바포레스트40G,1200
오뚜기)진비빔면(봉지),1000
오뚜기)매콤컵누들,1200
오뚜기)우동컵누들,1200
오뚜기)진짜쫄면(봉지),1600
오뚜기)크림진짬뽕(용기),1600
오뚜기)참깨라면(용기),1200
삼양)까르보불닭볶음면(용기),1500
CJ)비비고돼지고기김치찌개460G,6500
CJ)비비고스팸부대찌개460G,6500
CJ)비비고차돌된장찌개460G,6500
CJ)비비고소고기무국500G,4500
CJ)비비고소고기미역국500G,4500
CJ)비비고육개장500G,4500
CJ)비비고콩나물황태국500G,4500
CJ)햇반미역국밥(컵밥),3900
CJ)햇반사골곰탕국밥(컵밥),3900
CJ)햇반육개장국밥(컵밥),3900
CJ)햇반황태국밥(컵밥),3900
CJ)공화춘자장덮밥(컵밥),4500
CJ)공화춘짬뽕국밥(컵밥),4500
CJ)스팸김치덮밥(컵밥),4500
CJ)햇반간장계란덮밥(컵밥),4500
CJ)햇반강된장보리비빔밥(컵밥),4500
CJ)햇반김치날치알밥(컵밥),4500
CJ)햇반낙지콩나물비빔밥(컵밥),4500
CJ)햇반버터장조림비빔밥,4500
CJ)햇반불고기덮밥(컵밥),4500
CJ)햇반설렁탕밥(컵밥),4500
CJ)햇반스팸마요덮밥(컵밥),4500
CJ)햇반제육덮밥(컵밥),4500
CJ)햇반참치마요덮밥(컵밥),4500
CJ)햇반치킨마요덮밥(컵밥),4500
CJ)햇반(발아현미밥)210G,2600
CJ)햇반(오곡밥)210G,2600
CJ)햇반(찰잡곡밥)210G,2600
CJ)햇반(흑미밥)210G,2600
CJ)햇반매일잡곡밥210G,2600
CJ)햇반(원형)210G,1950
대림)한입피자고르곤졸라80G,1900
대림)한입피자콤비네이션80G,1900
대상)안주야직화무뼈닭발160G,8900
대상)안주야직화불막창160G,8900
대상)사천깐풍소스뿌렸닭200G,5900
대상)양념치킨소스뿌렸닭200G,5900
종가집)맛김치130G,2000
종가집)맛김치75G,1200
종가집)맛김치80G,1200
종가집)볶음김치80G,1400
롯데)빅핫도그140G,2400
오뚜기)직화닭발150G,7900
오뚜기)직화오돌뼈150G,7900
오뚜기)새우볶음밥230G,3500
오뚜기)참치김치치즈볶음밥230G,3900
오뚜기)컵피자콤비네이션,3800
오뚜기)딤섬새우슈마이135G,3000
오뚜기)브리또페페로니125G,3000
오뚜기)불고기피자UNO180G,5500
오뚜기)콤비네이션피자UNO195G,5500
CJ)비비고김치왕교자385G,4800
CJ)비비고매운왕교자315G,4800
CJ)비비고새우왕교자315G,4800
CJ)비비고왕교자420G,4800
CJ)숯불향닭강정200G,4800
CJ)숯불향바베큐바280G,4800
CJ)비비고사골컵만둣국160G,3500
CJ)비비고수제만두고기200G,3500
CJ)비비고수제만두김치200G,3500
CJ)스팸김치볶음밥220G,3500
CJ)스팸볶음밥220G,3500
CJ)가쓰오우동(용기),2900
CJ)얼큰우동221G,2900
CJ)비비고김치볶음80G,1400
CJ)비비고썰은배추김치60G,1000
마늘닭근위볶음160G,6900
매콤직화오돌뼈볶음182G,6900
직화야채곱창볶음220G,6900
목우촌)너에게꼬치다90G,1900
소세지어묵바90G,2000
치즈어묵바90G,2000
효성)땡초어묵바80G,2000
하림)닭가슴살리얼바(갈릭)80G,2000
하림)닭가슴살리얼바할라피뇨80G,2000
CJ)바로먹는햄(소고기)120G,5900
CJ)맥스봉치즈70G,2000
대광)소떡소떡135G,2000
CJ)모닝두부(클래식),1700
스몰란드)포레스트치약100G,3900
포인트)립앤아이리무버140ML,10900
케라시스퍼퓸린스러블리엔젤400,9900
케라시스퍼퓸샴푸러블리엔젤400,9900
포인트)딥클린휩클렌징폼100ML,6900
맥심)TOP로스티라떼360ML,2400
맥심)TOP로스티블랙360ML,2400
맥심TOP)스위트아메리카노240ML,1800
맥심TOP)심플리스무스라떼240ML,1800
맥심TOP)심플리스무스블랙240ML,1800
맥심)TOP너티카라멜라떼300ML,2200
맥심)TOP마일드라떼300ML(컵),2200
맥심)TOP볼드라떼300ML(컵),2200
맥심)TOP에스프레소라떼300ML,2200
맥심)TOP트루블랙300ML(컵),2200
다논)요거톡스타볼133G,1400
다논)요거톡초코그래놀라130G,1400
다논)액티비아업딸기210ML,1900
다논)액티비아업복숭아210ML,1900
다논)액티비아업플레인210ML,1900
야쿠르트)핫브루바닐라라떼270,2500
야쿠르트)콜드브루아메리카노270,2000
푸르밀)블랙보리우유300ML,1500
푸르밀)새싹보리우유300ML,1500
푸르밀)칼로바이곡물250ML,2500
푸르밀)칼로바이초코250ML,2500
남양)초콜릿드링크초코에몽250ML,1300
남양)맛있는우유GT딸기300ML,1500
남양)맛있는우유GT초코300ML,1500
남양)맛있는우유GT커피300ML,1500
남양)불가리스FIT딸기200ML,1900
남양)불가리스FIT플레인200ML,1900
남양)또떠불초코&그래놀라125G,1400
남양)또떠불하트초코125G,1400
남양)루카스더블샷라떼250ML,2000
남양)루카스라떼250ML,2000
남양)루카스아메리카노250ML,2000
남양)이오20S 135ML,1000
남양)FC로스터리슈크림라떼320ML,2500
남양)프렌치몽블랑라떼320ML,2500
남양)프렌치흑임자라떼320ML,2500
남양)FC로스터리브라질옐로돌체,2000
남양)FC로스터리블랙글레이즈드,2000
남양)FC로스터리에스프레소라떼,2000
남양)FC로스터리카라멜리치,2000
남양)프렌치카페(벨벳비엔나모카,1500
남양)프렌치카페(카페오레),1500
남양)프렌치카페(카푸치노),1500
남양)프렌치카페카라멜마키아또,1500
덴마크)얼라이브망고250ML,1500
덴마크)얼라이브머스캣청포도250,1500
덴마크)얼라이브블러드오렌지250,1500
덴마크)얼라이브스위티자몽250ML,1500
덴마크)인포켓치즈20G,1300
덴마크)인포켓치즈라이트20G,1300
덴마크)인포켓치즈트러플맛20G,1300
덴마크)슈레드피자치즈25G,1000
덴마크)요구르트딸기310ML,2000
덴마크)요구르트베리믹스310ML,2000
덴마크)요구르트복숭아310ML,2000
덴마크)요구르트사과310ML,2000
덴마크)요구르트자두310ML,2000
덴마크)요구르트청포도310ML,2000
덴마크)요구르트파인애플310ML,2000
덴마크)요구르트푸룬310ML,2000
덴마크)요구르트플레인310ML,2000
덴마크)요거밀왕초코링134G,1500
덴마크)요거밀카카오그래놀라132,1500
유어스)강릉초당순두부우유300ML,2500
유어스)쩐주단치즈폼흑당밀크티,2500
유어스)쩐주단흑당밀크티300ML,2500
유어스)타이거슈가흑당밀크티300,2500
유어스)타이거슈가흑당카페라떼,2500
유어스)드로우유딸기300ML,1500
유어스)드로우유초코300ML,1500
덴마크)콩카페연유라떼250ML,2000
덴마크)콩카페코코넛라떼250ML,2000
덴마크)콩카페코코넛카카오250ML,2000
덴마크)커핑로드모카라떼300ML,2500
덴마크)커핑로드버터크림라떼300,2500
덴마크)커핑로드에스프레소라떼,2500
덴마크)커핑로드카페봉봉300ML,2500
덴마크)커핑로드흑당크림라떼300,2500
덴마크)블랙아메리카노350ML,2200
덴마크)스윗아메리카노350ML,2200
덴마크)딸기딸기우유300ML,1500
덴마크)모닝시리얼우유310ML,1500
덴마크)민트초코우유310ML,1500
덴마크)시나몬초코우유300ML,1500
덴마크)초코초코우유300ML,1500
덴마크)카페라떼(민트),1500
덴마크)커피커피우유300ML,1500
매일)상하미니칼슘체다치즈48G,2000
매일)상하미니크림치즈48G,2000
매일)엔요280ML,1400
매일)바이오알로에요거트120G,1500
매일)과일야채샐러드그린190ML,1800
매일)과일야채샐러드녹황190ML,1800
매일)과일야채샐러드레드190ML,1800
매일)과일야채샐러드퍼플190ML,1800
매일)소화가잘되는우유190ML,1000
매일)우유속에딸기과즙우유300ML,1500
매일)우유속에코코아300ML,1500
매일)커피속에모카치노300ML,1500
유어스)달고나라떼250ML,2000
매일)바리스타디카페인라떼325ML,2500
매일)바리스타바닐라빈라떼325ML,2500
매일)바리스타쇼콜라모카325ML,2500
매일)바리스타콜드브루블랙325ML,2500
매일)바리스타플라넬드립라떼325,2500
매일)바리스타로슈거에스프레소,2000
매일)바리스타모카프레소250ML,2000
매일)바리스타스모키250ML,2000
매일)바리스타에스프레소라떼250,2000
매일)바리스타카라멜프레소250ML,2000
빙그레)단지우유한정판240ML,1400
빙그레)밀크티맛우유240ML,1400
빙그레)바나나우유라이트240ML,1400
빙그레)오늘의과일야채ABC190ML,1200
빙그레)오늘의과일야채사과190ML,1200
빙그레)오늘의과일야채포도190ML,1200
유어스(P)할리스리스트레또300ML,2500
유어스(P)할리스콜드브루300ML,2500
빙그레)통모짜스트링치즈18G,1200
빙그레)쥬시쿨금귤감귤250ML,1500
빙그레)쥬시쿨에이드사과250ML,1500
빙그레)요플레토핑다크초코,1500
빙그레)요플레토핑프레첼&초코,1500
서울)비요뜨(초코링),1400
서울)비요뜨(초코크리스피)142G,1400
서울)비요뜨(초코팝)143G,1400
서울)비요뜨(쿠키앤크림)136G,1400
서울)비요뜨(크런치볼),1400
서울)딸기꿀딴지180ML,1000
서울)초코꿀딴지180ML,1000
서울)아침에주스골든사과230ML,1500
서울)아침에주스제주감귤230ML,1500
서울)너티초코우유300ML,1500
서울)딸기우유300ML,1500
서울)바나나우유300ML,1500
서울)살롱밀크티300ML,1500
서울)초코우유300ML,1500
서울)커피우유300ML,1500
빙그레)우유얌딸기300ML,1500
빙그레)우유얌초코300ML,1500
롯데)오가닉레드비트&배&토마토,1400
롯데)오가닉사과&당근125ML,1400
롯데)오가닉적포도&보라당근,1400
야쿠르트)연남방앗간딸기라떼250,1300
야쿠르트)연남방앗간참깨라떼250,1300
리스테린)쿨민트250ML,4300
리스테린)그린티100ML,2100
리스테린)쿨민트100ML,2100
리스테린)쿨민트마일드100ML,2100
바세린)립테라피로지립스스틱,5000
바세린)립테라피알로에케어스틱,5000
오일컨트롤필름60입,4500
존슨즈화이트후레쉬로션100ML,6000
가그린)오리지널380ML,4900
가그린)라임100ML,1900
가그린)오리지널100ML,1900
레인보우샵)핸드소독젤500ML,8000
갸스비)셋앤킵스프레이67ML,4000
갸스비)수퍼하드스타일링젤200G,5500
니베아)인텐시브바디로션125ML,5500
진주)천하장사BIG70G,2000
롯데)키스틱55G,1600
CAFE25)블랙500ML,2500
CAFE25)헤이즐넛500ML,2500
라벨리)수박화채빙수280ML,3000
강릉초당)순두부아이스크림,2500
강릉초당)초코순두부아이스크림,2500
곰표)밀눈아이스크림콘150ML,2500
라베스트)갤러초코콘160ML,2500
라베스트)그릭요거콘160ML,2500
라베스트)리치치즈케이크콘,2500
라베스트)민트초코콘,2500
라벨리)악마파르페,2500
라벨리)인절미미니컵140ML,2500
라벨리)OMG바닐라파르페325ML,2200
디핀)히말라얀솔트콘150ML,2000
라베스트)그릭요거트바85ML,2000
로투스)비스코프바90ML,2000
로투스)솔티드카라멜바90ML,2000
빙)끌레도르쿠키앤크림바90ML,2000
빙그레)끌레도르쿠키앤초코90ML,2000
웅진)아침햇살흑임자콘150ML,2000
유어스(P)다크초코라즈베리바,2000
허쉬)밀크초코바,2000
허쉬)초코앤마시멜로콘150ML,2000
허쉬)초코앤쿠키콘,2000
허쉬)쿠키앤크림바,2000
디핀)히말라얀솔트바90ML,1800
해태)GS부라보콘150ML,1800
해태)부라보콘150ML,1800
디핀)애플베리바80ML,1500
웅진)아침햇살아이스바80ML,1500
웅진)초록매실아이스바75ML,1500
유어스(P)요구르트딸기바80ML,1500
유어스)밀크카우바90ML,1500
유어스)밀크카우바딸기90ML,1500
